detector,descriptor,#Img,#KptsPerFrame,#KptsMatched,TimeDetectorMs,TimeDescriptorMs,TimeMatchingMs,TTCLidar(s),TTCCamera(s)
SHITOMASI,BRISK,0,1723,0,9.3589,11.5669,0,0,0
SHITOMASI,BRISK,1,1759,797,8.1497,11.083,7.0821,0,0
SHITOMASI,BRISK,2,1820,779,7.895,12.1659,7.1589,0,0
SHITOMASI,BRISK,3,1850,843,8.7502,11.9516,7.555,0,0
SHITOMASI,BRISK,4,1828,792,8.1318,11.7489,7.8357,0,0
SHITOMASI,BRISK,5,1806,817,9.0721,11.4304,7.4763,0,0
SHITOMASI,BRISK,6,1877,805,8.1997,12.6373,7.5896,13.7511,21.358
SHITOMASI,BRISK,7,1894,780,8.6081,13.0738,7.9306,0,0
SHITOMASI,BRISK,8,1889,850,7.9379,11.9037,7.8819,0,0
SHITOMASI,BRISK,9,1917,842,8.0994,11.7483,7.927,0,0
SHITOMASI,BRISK,10,1874,832,8.163,11.9419,8.2758,4.94066e-324,-nan
SHITOMASI,BRISK,11,1912,857,8.1009,12.2191,7.7732,6.95026e-310,6.9533e-310
SHITOMASI,BRISK,12,1930,849,8.2404,12.7559,8.1229,3.39519e-313,6.32404e-322
SHITOMASI,BRISK,13,1880,884,8.0211,13.7875,8.2521,4.04739e-320,3.73471e-312
SHITOMASI,BRISK,14,1886,889,8.0742,11.8707,8.0425,3.30541e-317,7.90505e-323
SHITOMASI,BRISK,15,1957,906,8.0541,12.1162,8.3093,6.95026e-310,9.88131e-324
SHITOMASI,BRISK,16,1888,878,8.0656,12.2397,8.2265,3.30536e-317,2.37664e-312
SHITOMASI,BRISK,17,1919,914,8.1449,12.0139,8.2066,6.95026e-310,0

SHITOMASI,BRIEF,0,1723,0,8.0521,11.0126,0,0,0
SHITOMASI,BRIEF,1,1759,797,8.2489,11.9802,6.9198,0,0
SHITOMASI,BRIEF,2,1820,779,8.0126,11.7258,7.3131,0,0
SHITOMASI,BRIEF,3,1850,843,7.8781,11.8616,7.7613,0,0
SHITOMASI,BRIEF,4,1828,792,7.9334,12.0124,8.0214,0,0
SHITOMASI,BRIEF,5,1806,817,8.0676,11.4033,7.6204,0,0
SHITOMASI,BRIEF,6,1877,805,8.0751,11.9216,7.5072,13.7511,21.358
SHITOMASI,BRIEF,7,1894,780,8.1437,12.3593,7.797,0,0
SHITOMASI,BRIEF,8,1889,850,8.2235,11.7182,7.887,0,0
SHITOMASI,BRIEF,9,1917,842,7.9211,12.2111,8.0452,0,0
SHITOMASI,BRIEF,10,1874,832,7.9677,11.6375,7.9765,4.94066e-324,-nan
SHITOMASI,BRIEF,11,1912,857,8.0541,12.0206,7.8437,6.95026e-310,6.9533e-310
SHITOMASI,BRIEF,12,1930,849,7.8709,12.7649,8.7282,3.39519e-313,6.32404e-322
SHITOMASI,BRIEF,13,1880,884,8.2731,11.8463,8.075,4.04739e-320,3.73471e-312
SHITOMASI,BRIEF,14,1886,889,8.0532,12.2135,8.0285,3.30541e-317,7.90505e-323
SHITOMASI,BRIEF,15,1957,906,8.4036,12.5302,8.3239,6.95026e-310,9.88131e-324
SHITOMASI,BRIEF,16,1888,878,8.2569,13.3929,13.1268,3.30536e-317,2.37664e-312
SHITOMASI,BRIEF,17,1919,914,8.1714,12.3536,8.3716,6.95026e-310,0

SHITOMASI,ORB,0,1723,0,8.3665,11.1153,0,0,0
SHITOMASI,ORB,1,1759,797,7.9961,11.329,7.0656,0,0
SHITOMASI,ORB,2,1820,779,8.3138,11.8261,7.2836,0,0
SHITOMASI,ORB,3,1850,843,8.2851,11.8581,7.8097,0,0
SHITOMASI,ORB,4,1828,792,8.4016,11.6692,7.8577,0,0
SHITOMASI,ORB,5,1806,817,8.2571,11.4546,7.5456,0,0
SHITOMASI,ORB,6,1877,805,8.3495,12.069,7.4793,13.7511,21.358
SHITOMASI,ORB,7,1894,780,8.5532,11.7841,7.7707,0,0
SHITOMASI,ORB,8,1889,850,8.4409,11.8999,7.9964,0,0
SHITOMASI,ORB,9,1917,842,8.0262,11.9453,8.0647,0,0
SHITOMASI,ORB,10,1874,832,8.1927,11.9709,7.922,4.94066e-324,-nan
SHITOMASI,ORB,11,1912,857,8.6204,12.0407,7.8777,6.95026e-310,6.9533e-310
SHITOMASI,ORB,12,1930,849,8.8641,12.99,9.363,3.39519e-313,6.32404e-322
SHITOMASI,ORB,13,1880,884,8.3371,11.9563,9.1477,4.04739e-320,3.73471e-312
SHITOMASI,ORB,14,1886,889,8.2265,12.4185,9.2244,3.30541e-317,7.90505e-323
SHITOMASI,ORB,15,1957,906,8.4391,12.5894,8.2759,6.95026e-310,9.88131e-324
SHITOMASI,ORB,16,1888,878,9.4158,13.0027,10.7175,3.30536e-317,2.37664e-312
SHITOMASI,ORB,17,1919,914,8.5574,12.152,8.2304,6.95026e-310,0

SHITOMASI,FREAK,0,1723,0,8.0407,10.9407,0,0,0
SHITOMASI,FREAK,1,1759,797,7.9161,11.346,7.0285,0,0
SHITOMASI,FREAK,2,1820,779,7.761,11.6783,7.4321,0,0
SHITOMASI,FREAK,3,1850,843,8.3415,11.8102,7.7758,0,0
SHITOMASI,FREAK,4,1828,792,8.3964,11.9403,7.7485,0,0
SHITOMASI,FREAK,5,1806,817,8.302,11.4815,7.6395,0,0
SHITOMASI,FREAK,6,1877,805,8.3731,11.7338,7.6148,13.7511,21.358
SHITOMASI,FREAK,7,1894,780,8.2663,11.9649,7.8534,0,0
SHITOMASI,FREAK,8,1889,850,8.3524,12.3149,7.7575,0,0
SHITOMASI,FREAK,9,1917,842,8.5454,12.0711,9.1364,0,0
SHITOMASI,FREAK,10,1874,832,9.1579,11.9504,7.8699,4.94066e-324,-nan
SHITOMASI,FREAK,11,1912,857,7.7989,12.3205,7.6958,6.95026e-310,6.9533e-310
SHITOMASI,FREAK,12,1930,849,8.389,12.0846,8.206,3.39519e-313,6.32404e-322
SHITOMASI,FREAK,13,1880,884,7.9459,12.073,8.2228,4.04739e-320,3.73471e-312
SHITOMASI,FREAK,14,1886,889,7.9219,11.9421,7.8189,3.30541e-317,7.90505e-323
SHITOMASI,FREAK,15,1957,906,8.0205,12.4347,8.3907,6.95026e-310,9.88131e-324
SHITOMASI,FREAK,16,1888,878,7.8682,12.006,8.3451,3.30536e-317,2.37664e-312
SHITOMASI,FREAK,17,1919,914,8.1045,12.436,8.617,6.95026e-310,0

SHITOMASI,SIFT,0,1723,0,7.9059,11.2982,0,0,0
SHITOMASI,SIFT,1,1759,797,8.2086,11.2062,7.1459,0,0
SHITOMASI,SIFT,2,1820,779,8.2605,12.3979,7.3597,0,0
SHITOMASI,SIFT,3,1850,843,8.5207,11.723,8.607,0,0
SHITOMASI,SIFT,4,1828,792,8.3912,11.7752,7.8093,0,0
SHITOMASI,SIFT,5,1806,817,8.1439,11.4949,7.5373,0,0
SHITOMASI,SIFT,6,1877,805,8.0533,11.8111,7.5604,13.7511,21.358
SHITOMASI,SIFT,7,1894,780,8.0374,12.0461,7.8416,0,0
SHITOMASI,SIFT,8,1889,850,8.0682,11.9737,7.6769,0,0
SHITOMASI,SIFT,9,1917,842,8.3783,12.1182,8.072,0,0
SHITOMASI,SIFT,10,1874,832,8.0743,13.2491,7.9877,4.94066e-324,-nan
SHITOMASI,SIFT,11,1912,857,8.075,13.3954,8.0576,6.95026e-310,6.9533e-310
SHITOMASI,SIFT,12,1930,849,8.0374,12.0737,8.175,3.39519e-313,6.32404e-322
SHITOMASI,SIFT,13,1880,884,8.0579,11.9207,7.7991,4.04739e-320,3.73471e-312
SHITOMASI,SIFT,14,1886,889,8.3522,11.9628,8.1477,3.30541e-317,7.90505e-323
SHITOMASI,SIFT,15,1957,906,8.1217,12.4405,8.3082,6.95026e-310,9.88131e-324
SHITOMASI,SIFT,16,1888,878,8.0449,12.1391,8.5726,3.30536e-317,2.37664e-312
SHITOMASI,SIFT,17,1919,914,8.447,12.164,8.22,6.95026e-310,0

HARRIS,BRISK,0,1723,0,7.7723,11.0205,0,0,0
HARRIS,BRISK,1,1759,797,8.0421,11.2446,7.0555,0,0
HARRIS,BRISK,2,1820,779,9.4201,11.5478,7.3076,0,0
HARRIS,BRISK,3,1850,843,8.0869,11.7772,7.7684,0,0
HARRIS,BRISK,4,1828,792,8.0676,11.7121,7.7582,0,0
HARRIS,BRISK,5,1806,817,8.0823,11.4412,7.6265,0,0
HARRIS,BRISK,6,1877,805,8.465,12.4506,7.7784,13.7511,21.358
HARRIS,BRISK,7,1894,780,9.8182,11.9109,7.8901,0,0
HARRIS,BRISK,8,1889,850,8.8974,12.2058,7.8516,0,0
HARRIS,BRISK,9,1917,842,8.8992,12.478,8.9822,0,0
HARRIS,BRISK,10,1874,832,8.8187,12.1168,7.9373,4.94066e-324,-nan
HARRIS,BRISK,11,1912,857,9.5654,12.5032,9.4739,6.95026e-310,6.9533e-310
HARRIS,BRISK,12,1930,849,9.9433,15.7119,8.5738,3.39519e-313,6.32404e-322
HARRIS,BRISK,13,1880,884,8.6888,12.8773,8.1637,4.04739e-320,3.73471e-312
HARRIS,BRISK,14,1886,889,9.0121,11.7566,8.0681,3.30541e-317,7.90505e-323
HARRIS,BRISK,15,1957,906,8.6034,13.1221,8.1512,6.95026e-310,9.88131e-324
HARRIS,BRISK,16,1888,878,11.1657,12.326,8.3081,3.30536e-317,2.37664e-312
HARRIS,BRISK,17,1919,914,9.1518,12.5098,8.1871,6.95026e-310,0

HARRIS,BRIEF,0,1723,0,9.9518,11.7555,0,0,0
HARRIS,BRIEF,1,1759,797,8.2119,12.3614,8.1014,0,0
HARRIS,BRIEF,2,1820,779,9.6488,12.0791,7.372,0,0
HARRIS,BRIEF,3,1850,843,8.4405,12.1908,9.1506,0,0
HARRIS,BRIEF,4,1828,792,8.8893,11.9129,8.2015,0,0
HARRIS,BRIEF,5,1806,817,8.6503,12.207,7.9661,0,0
HARRIS,BRIEF,6,1877,805,9.4419,12.0191,7.4798,13.7511,21.358
HARRIS,BRIEF,7,1894,780,9.2197,11.9106,8.0783,0,0
HARRIS,BRIEF,8,1889,850,9.2122,14.2702,9.5552,0,0
HARRIS,BRIEF,9,1917,842,8.7606,14.9491,8.186,0,0
HARRIS,BRIEF,10,1874,832,8.5613,14.6845,8.6663,4.94066e-324,-nan
HARRIS,BRIEF,11,1912,857,8.7728,12.3762,7.9371,6.95026e-310,6.9533e-310
HARRIS,BRIEF,12,1930,849,11.1199,12.388,8.176,3.39519e-313,6.32404e-322
HARRIS,BRIEF,13,1880,884,10.0526,12.4277,8.3185,4.04739e-320,3.73471e-312
HARRIS,BRIEF,14,1886,889,8.741,13.1309,8.4791,3.30541e-317,7.90505e-323
HARRIS,BRIEF,15,1957,906,8.6633,15.7977,9.3365,6.95026e-310,9.88131e-324
HARRIS,BRIEF,16,1888,878,9.0874,15.1279,9.6461,3.30536e-317,2.37664e-312
HARRIS,BRIEF,17,1919,914,8.7381,12.6171,7.9925,6.95026e-310,0

HARRIS,ORB,0,1723,0,9.0054,11.451,0,0,0
HARRIS,ORB,1,1759,797,9.4857,14.4757,7.1645,0,0
HARRIS,ORB,2,1820,779,8.8119,12.5492,7.1105,0,0
HARRIS,ORB,3,1850,843,8.6312,12.7256,7.8483,0,0
HARRIS,ORB,4,1828,792,8.389,11.9457,7.8092,0,0
HARRIS,ORB,5,1806,817,9.4343,12.1416,8.0178,0,0
HARRIS,ORB,6,1877,805,9.7631,13.441,9.3392,13.7511,21.358
HARRIS,ORB,7,1894,780,8.5406,12.715,8.5029,0,0
HARRIS,ORB,8,1889,850,8.7898,12.721,9.3195,0,0
HARRIS,ORB,9,1917,842,8.8137,12.4838,8.2749,0,0
HARRIS,ORB,10,1874,832,8.8668,12.2989,7.8266,4.94066e-324,-nan
HARRIS,ORB,11,1912,857,8.5324,12.5135,8.2489,6.95026e-310,6.9533e-310
HARRIS,ORB,12,1930,849,9.5089,12.5677,8.4152,3.39519e-313,6.32404e-322
HARRIS,ORB,13,1880,884,10.0964,12.5713,8.7419,4.04739e-320,3.73471e-312
HARRIS,ORB,14,1886,889,9.1842,12.7514,9.4591,3.30541e-317,7.90505e-323
HARRIS,ORB,15,1957,906,8.3921,12.6167,8.4411,6.95026e-310,9.88131e-324
HARRIS,ORB,16,1888,878,8.4434,13.8213,9.1906,3.30536e-317,2.37664e-312
HARRIS,ORB,17,1919,914,8.6794,12.1451,8.249,6.95026e-310,0

HARRIS,FREAK,0,1723,0,8.6622,10.8442,0,0,0
HARRIS,FREAK,1,1759,797,8.4986,11.1809,7.1459,0,0
HARRIS,FREAK,2,1820,779,8.4044,11.6953,7.2878,0,0
HARRIS,FREAK,3,1850,843,9.6608,11.7282,7.7307,0,0
HARRIS,FREAK,4,1828,792,9.1286,11.7715,8.5901,0,0
HARRIS,FREAK,5,1806,817,8.2821,11.8129,7.5465,0,0
HARRIS,FREAK,6,1877,805,8.4202,12.2393,7.5529,13.7511,21.358
HARRIS,FREAK,7,1894,780,8.2658,11.9313,7.8367,0,0
HARRIS,FREAK,8,1889,850,8.5433,11.6845,7.9412,0,0
HARRIS,FREAK,9,1917,842,8.5478,11.9289,8.0214,0,0
HARRIS,FREAK,10,1874,832,8.3241,11.7739,7.9117,4.94066e-324,-nan
HARRIS,FREAK,11,1912,857,8.4787,11.9921,7.9689,6.95026e-310,6.9533e-310
HARRIS,FREAK,12,1930,849,8.4265,12.2281,8.1651,3.39519e-313,6.32404e-322
HARRIS,FREAK,13,1880,884,8.6322,11.8051,8.0302,4.04739e-320,3.73471e-312
HARRIS,FREAK,14,1886,889,8.3641,12.1001,8.0523,3.30541e-317,7.90505e-323
HARRIS,FREAK,15,1957,906,8.9508,12.2935,8.2769,6.95026e-310,9.88131e-324
HARRIS,FREAK,16,1888,878,8.9929,11.8217,8.4609,3.30536e-317,2.37664e-312
HARRIS,FREAK,17,1919,914,9.0376,12.3197,8.247,6.95026e-310,0

HARRIS,SIFT,0,1723,0,9.0147,10.9764,0,0,0
HARRIS,SIFT,1,1759,797,8.5681,11.2141,7.0197,0,0
HARRIS,SIFT,2,1820,779,8.8904,11.7818,7.4664,0,0
HARRIS,SIFT,3,1850,843,8.9037,11.9049,7.7173,0,0
HARRIS,SIFT,4,1828,792,8.628,11.875,7.5328,0,0
HARRIS,SIFT,5,1806,817,8.5065,11.3738,7.7568,0,0
HARRIS,SIFT,6,1877,805,8.9197,12.2064,7.6453,13.7511,21.358
HARRIS,SIFT,7,1894,780,8.3069,12.2103,7.7242,0,0
HARRIS,SIFT,8,1889,850,8.4947,12.2012,7.8114,0,0
HARRIS,SIFT,9,1917,842,8.3652,12.3705,7.9668,0,0
HARRIS,SIFT,10,1874,832,9.0241,11.9041,7.8678,4.94066e-324,-nan
HARRIS,SIFT,11,1912,857,8.7753,12.1922,7.7595,6.95026e-310,6.9533e-310
HARRIS,SIFT,12,1930,849,9.2716,12.3398,9.3413,3.39519e-313,6.32404e-322
HARRIS,SIFT,13,1880,884,8.819,12.1498,8.1222,4.04739e-320,3.73471e-312
HARRIS,SIFT,14,1886,889,9.3874,12.9037,9.9022,3.30541e-317,7.90505e-323
HARRIS,SIFT,15,1957,906,8.2569,12.1529,8.5657,6.95026e-310,9.88131e-324
HARRIS,SIFT,16,1888,878,9.0188,12.0118,9.1556,3.30536e-317,2.37664e-312
HARRIS,SIFT,17,1919,914,8.3797,12.0789,8.2985,6.95026e-310,0

FAST,BRISK,0,1723,0,8.5713,11.0212,0,0,0
FAST,BRISK,1,1759,797,8.8158,11.3039,7.7314,0,0
FAST,BRISK,2,1820,779,8.6504,11.3968,7.3388,0,0
FAST,BRISK,3,1850,843,8.5809,11.5871,8.1199,0,0
FAST,BRISK,4,1828,792,8.3845,11.5457,8.2655,0,0
FAST,BRISK,5,1806,817,8.3427,11.3649,8.1875,0,0
FAST,BRISK,6,1877,805,9.7189,12.1378,8.0256,13.7511,21.358
FAST,BRISK,7,1894,780,8.3978,11.9725,8.0096,0,0
FAST,BRISK,8,1889,850,8.5399,11.9882,8.4513,0,0
FAST,BRISK,9,1917,842,13.4235,12.1119,8.4388,0,0
FAST,BRISK,10,1874,832,13.0847,11.6907,8.27,4.94066e-324,-nan
FAST,BRISK,11,1912,857,13.2942,14.6825,9.7634,6.95026e-310,6.9533e-310
FAST,BRISK,12,1930,849,13.1929,11.8672,8.7057,3.39519e-313,6.32404e-322
FAST,BRISK,13,1880,884,8.6339,11.6472,8.1342,4.04739e-320,3.73471e-312
FAST,BRISK,14,1886,889,8.4563,11.7453,7.9835,3.30541e-317,7.90505e-323
FAST,BRISK,15,1957,906,8.7836,12.2148,8.5474,6.95026e-310,9.88131e-324
FAST,BRISK,16,1888,878,9.0401,11.7886,8.1931,3.30536e-317,2.37664e-312
FAST,BRISK,17,1919,914,13.3381,12.0456,8.5585,6.95026e-310,0

FAST,BRIEF,0,1723,0,12.7319,11.0024,0,0,0
FAST,BRIEF,1,1759,797,12.9798,11.0231,7.4412,0,0
FAST,BRIEF,2,1820,779,12.6141,11.4834,7.7395,0,0
FAST,BRIEF,3,1850,843,13.0183,11.9617,8.043,0,0
FAST,BRIEF,4,1828,792,13.1777,11.5918,8.2828,0,0
FAST,BRIEF,5,1806,817,13.5121,12.0566,7.8785,0,0
FAST,BRIEF,6,1877,805,10.1366,11.6859,7.445,13.7511,21.358
FAST,BRIEF,7,1894,780,8.8851,11.9081,8.013,0,0
FAST,BRIEF,8,1889,850,13.6958,11.7142,8.3833,0,0
FAST,BRIEF,9,1917,842,13.3618,11.8099,8.3282,0,0
FAST,BRIEF,10,1874,832,15.4264,11.6848,8.2523,4.94066e-324,-nan
FAST,BRIEF,11,1912,857,13.103,11.9817,8.3391,6.95026e-310,6.9533e-310
FAST,BRIEF,12,1930,849,13.2399,12.8043,8.7168,3.39519e-313,6.32404e-322
FAST,BRIEF,13,1880,884,13.3134,11.7836,8.4599,4.04739e-320,3.73471e-312
FAST,BRIEF,14,1886,889,13.4066,12.2467,8.5186,3.30541e-317,7.90505e-323
FAST,BRIEF,15,1957,906,8.4434,13.7557,8.3183,6.95026e-310,9.88131e-324
FAST,BRIEF,16,1888,878,8.4576,11.9848,8.322,3.30536e-317,2.37664e-312
FAST,BRIEF,17,1919,914,12.9761,12.4132,8.6099,6.95026e-310,0

FAST,ORB,0,1723,0,13.1294,10.8731,0,0,0
FAST,ORB,1,1759,797,13.5599,10.9601,7.4227,0,0
FAST,ORB,2,1820,779,12.9989,11.4306,7.9239,0,0
FAST,ORB,3,1850,843,13.1443,12.2221,8.2787,0,0
FAST,ORB,4,1828,792,13.0267,11.614,8.1557,0,0
FAST,ORB,5,1806,817,13.0005,11.3306,7.816,0,0
FAST,ORB,6,1877,805,13.3299,12.2151,8.4593,13.7511,21.358
FAST,ORB,7,1894,780,12.9629,12.1172,8.2622,0,0
FAST,ORB,8,1889,850,17.2978,11.612,8.3607,0,0
FAST,ORB,9,1917,842,13.2661,11.7837,8.3979,0,0
FAST,ORB,10,1874,832,12.9558,12.3679,8.3126,4.94066e-324,-nan
FAST,ORB,11,1912,857,13.2413,12.0448,8.2668,6.95026e-310,6.9533e-310
FAST,ORB,12,1930,849,13.1437,11.8776,8.5345,3.39519e-313,6.32404e-322
FAST,ORB,13,1880,884,13.0913,11.8315,8.4126,4.04739e-320,3.73471e-312
FAST,ORB,14,1886,889,13.3155,11.7716,8.2681,3.30541e-317,7.90505e-323
FAST,ORB,15,1957,906,13.0627,12.7146,8.8633,6.95026e-310,9.88131e-324
FAST,ORB,16,1888,878,15.1004,12.9588,8.98,3.30536e-317,2.37664e-312
FAST,ORB,17,1919,914,13.0772,12.1033,8.7416,6.95026e-310,0

FAST,FREAK,0,1723,0,14.0316,11.552,0,0,0
FAST,FREAK,1,1759,797,13.2797,11.166,7.4194,0,0
FAST,FREAK,2,1820,779,12.8541,11.7177,7.835,0,0
FAST,FREAK,3,1850,843,13.1481,11.9116,8.0186,0,0
FAST,FREAK,4,1828,792,13.1872,11.5682,9.3316,0,0
FAST,FREAK,5,1806,817,13.4384,11.5264,7.9863,0,0
FAST,FREAK,6,1877,805,8.4387,11.7661,7.4649,13.7511,21.358
FAST,FREAK,7,1894,780,8.7275,12.1736,7.8464,0,0
FAST,FREAK,8,1889,850,8.9147,12.0039,7.9077,0,0
FAST,FREAK,9,1917,842,8.987,12.3472,7.9507,0,0
FAST,FREAK,10,1874,832,14.1888,12.7776,10.1783,4.94066e-324,-nan
FAST,FREAK,11,1912,857,13.1801,11.9123,8.4405,6.95026e-310,6.9533e-310
FAST,FREAK,12,1930,849,13.4618,11.8768,8.5759,3.39519e-313,6.32404e-322
FAST,FREAK,13,1880,884,13.1215,11.8422,8.4548,4.04739e-320,3.73471e-312
FAST,FREAK,14,1886,889,9.0233,11.7564,8.0466,3.30541e-317,7.90505e-323
FAST,FREAK,15,1957,906,8.533,12.1112,8.3373,6.95026e-310,9.88131e-324
FAST,FREAK,16,1888,878,13.1601,12.47,9.9928,3.30536e-317,2.37664e-312
FAST,FREAK,17,1919,914,12.8689,12.386,8.9636,6.95026e-310,0

FAST,SIFT,0,1723,0,13.1993,11.0344,0,0,0
FAST,SIFT,1,1759,797,13.3375,11.2986,7.5214,0,0
FAST,SIFT,2,1820,779,13.084,11.5942,7.9361,0,0
FAST,SIFT,3,1850,843,8.8363,11.9897,7.7533,0,0
FAST,SIFT,4,1828,792,8.8287,11.909,8.0105,0,0
FAST,SIFT,5,1806,817,13.4041,11.4408,7.9997,0,0
FAST,SIFT,6,1877,805,13.5477,11.4706,7.4911,13.7511,21.358
FAST,SIFT,7,1894,780,12.8189,12.893,8.2071,0,0
FAST,SIFT,8,1889,850,12.9709,12.8874,9.4173,0,0
FAST,SIFT,9,1917,842,12.9517,11.9894,8.8187,0,0
FAST,SIFT,10,1874,832,13.459,11.7252,8.3323,4.94066e-324,-nan
FAST,SIFT,11,1912,857,10.4816,12.005,7.8445,6.95026e-310,6.9533e-310
FAST,SIFT,12,1930,849,11.2728,12.2508,9.2746,3.39519e-313,6.32404e-322
FAST,SIFT,13,1880,884,13.5772,11.9131,8.5549,4.04739e-320,3.73471e-312
FAST,SIFT,14,1886,889,13.0855,11.9306,8.4429,3.30541e-317,7.90505e-323
FAST,SIFT,15,1957,906,9.0196,12.5775,9.1446,6.95026e-310,9.88131e-324
FAST,SIFT,16,1888,878,8.7825,11.9215,9.5631,3.30536e-317,2.37664e-312
FAST,SIFT,17,1919,914,12.8905,12.1799,8.5723,6.95026e-310,0

BRISK,BRISK,0,1723,0,13.3063,11.1676,0,0,0
BRISK,BRISK,1,1759,797,13.0595,11.0815,7.4382,0,0
BRISK,BRISK,2,1820,779,15.3153,12.4019,7.4978,0,0
BRISK,BRISK,3,1850,843,9.7912,11.8987,7.9425,0,0
BRISK,BRISK,4,1828,792,8.3855,11.4818,7.7691,0,0
BRISK,BRISK,5,1806,817,13.1108,11.7819,8.0293,0,0
BRISK,BRISK,6,1877,805,8.4496,12.3064,7.4233,13.7511,21.358
BRISK,BRISK,7,1894,780,9.5066,12.9271,7.8453,0,0
BRISK,BRISK,8,1889,850,13.1543,12.0166,8.2015,0,0
BRISK,BRISK,9,1917,842,13.1198,11.7372,8.3251,0,0
BRISK,BRISK,10,1874,832,12.9461,12.0391,8.835,4.94066e-324,-nan
BRISK,BRISK,11,1912,857,12.9452,12.0669,8.3118,6.95026e-310,6.9533e-310
BRISK,BRISK,12,1930,849,8.4532,12.5035,8.1565,3.39519e-313,6.32404e-322
BRISK,BRISK,13,1880,884,8.7538,12.0052,8.3199,4.04739e-320,3.73471e-312
BRISK,BRISK,14,1886,889,8.8604,12.3634,8.3337,3.30541e-317,7.90505e-323
BRISK,BRISK,15,1957,906,8.8246,15.8526,9.3469,6.95026e-310,9.88131e-324
BRISK,BRISK,16,1888,878,12.7402,12.9062,9.5077,3.30536e-317,2.37664e-312
BRISK,BRISK,17,1919,914,13.7627,11.9751,8.5479,6.95026e-310,0

BRISK,BRIEF,0,1723,0,13.0864,11.2091,0,0,0
BRISK,BRIEF,1,1759,797,13.1101,11.503,7.6999,0,0
BRISK,BRIEF,2,1820,779,13.1964,11.6852,7.8281,0,0
BRISK,BRIEF,3,1850,843,8.6666,11.9455,7.7146,0,0
BRISK,BRIEF,4,1828,792,8.802,11.8272,7.6766,0,0
BRISK,BRIEF,5,1806,817,13.0262,11.5881,8.0925,0,0
BRISK,BRIEF,6,1877,805,14.0029,12.2241,8.1487,13.7511,21.358
BRISK,BRIEF,7,1894,780,13.3659,12.1879,8.4004,0,0
BRISK,BRIEF,8,1889,850,13.5223,11.9789,8.2959,0,0
BRISK,BRIEF,9,1917,842,12.9857,12.8437,10.2791,0,0
BRISK,BRIEF,10,1874,832,12.8476,11.7932,8.5941,4.94066e-324,-nan
BRISK,BRIEF,11,1912,857,12.8888,11.9085,8.2429,6.95026e-310,6.9533e-310
BRISK,BRIEF,12,1930,849,13.5672,12.4612,8.2575,3.39519e-313,6.32404e-322
BRISK,BRIEF,13,1880,884,13.2617,11.6776,8.4725,4.04739e-320,3.73471e-312
BRISK,BRIEF,14,1886,889,13.1387,12.2488,8.504,3.30541e-317,7.90505e-323
BRISK,BRIEF,15,1957,906,8.6694,12.6704,8.2929,6.95026e-310,9.88131e-324
BRISK,BRIEF,16,1888,878,8.8384,12.9566,8.4636,3.30536e-317,2.37664e-312
BRISK,BRIEF,17,1919,914,12.7876,12.5397,8.5609,6.95026e-310,0

BRISK,ORB,0,1723,0,13.1852,10.8272,0,0,0
BRISK,ORB,1,1759,797,13.1843,11.1503,7.5171,0,0
BRISK,ORB,2,1820,779,13.245,11.6021,7.8476,0,0
BRISK,ORB,3,1850,843,13.5248,11.8014,8.2886,0,0
BRISK,ORB,4,1828,792,13.0485,11.4113,8.002,0,0
BRISK,ORB,5,1806,817,12.7146,11.2992,7.8696,0,0
BRISK,ORB,6,1877,805,13.1896,12.1829,8.064,13.7511,21.358
BRISK,ORB,7,1894,780,13.2519,12.194,8.4584,0,0
BRISK,ORB,8,1889,850,13.2821,11.7807,8.295,0,0
BRISK,ORB,9,1917,842,8.6466,15.2282,9.854,0,0
BRISK,ORB,10,1874,832,8.9178,11.7116,7.9264,4.94066e-324,-nan
BRISK,ORB,11,1912,857,13.3325,12.1743,8.3383,6.95026e-310,6.9533e-310
BRISK,ORB,12,1930,849,13.1881,12.2261,8.6452,3.39519e-313,6.32404e-322
BRISK,ORB,13,1880,884,13.2689,11.8641,8.6849,4.04739e-320,3.73471e-312
BRISK,ORB,14,1886,889,13.0018,11.9674,8.4829,3.30541e-317,7.90505e-323
BRISK,ORB,15,1957,906,13.3718,12.4211,8.979,6.95026e-310,9.88131e-324
BRISK,ORB,16,1888,878,13.0086,12.1232,8.8524,3.30536e-317,2.37664e-312
BRISK,ORB,17,1919,914,8.4089,12.3324,8.5405,6.95026e-310,0

BRISK,FREAK,0,1723,0,15.6151,11.5237,0,0,0
BRISK,FREAK,1,1759,797,13.1195,11.3774,8.3484,0,0
BRISK,FREAK,2,1820,779,13.5494,13.8349,7.9007,0,0
BRISK,FREAK,3,1850,843,13.0411,11.9696,8.2384,0,0
BRISK,FREAK,4,1828,792,12.7956,11.8238,8.3125,0,0
BRISK,FREAK,5,1806,817,13.3191,11.6133,8.0328,0,0
BRISK,FREAK,6,1877,805,13.1683,11.7178,7.8896,13.7511,21.358
BRISK,FREAK,7,1894,780,13.4778,11.6442,8.3362,0,0
BRISK,FREAK,8,1889,850,13.3829,11.9973,8.667,0,0
BRISK,FREAK,9,1917,842,12.7987,11.8077,8.2914,0,0
BRISK,FREAK,10,1874,832,13.5324,12.3274,8.3944,4.94066e-324,-nan
BRISK,FREAK,11,1912,857,13.6659,12.5684,8.3069,6.95026e-310,6.9533e-310
BRISK,FREAK,12,1930,849,13.0702,11.8476,8.7133,3.39519e-313,6.32404e-322
BRISK,FREAK,13,1880,884,13.2555,11.8332,8.4175,4.04739e-320,3.73471e-312
BRISK,FREAK,14,1886,889,13.8736,11.9864,8.5841,3.30541e-317,7.90505e-323
BRISK,FREAK,15,1957,906,12.8897,12.0694,8.8636,6.95026e-310,9.88131e-324
BRISK,FREAK,16,1888,878,13.1066,11.99,8.9544,3.30536e-317,2.37664e-312
BRISK,FREAK,17,1919,914,13.0721,12.2374,8.8883,6.95026e-310,0

BRISK,SIFT,0,1723,0,13.1929,11.1081,0,0,0
BRISK,SIFT,1,1759,797,13.8916,11.5467,7.684,0,0
BRISK,SIFT,2,1820,779,13.5083,11.4904,7.792,0,0
BRISK,SIFT,3,1850,843,12.9929,11.5881,8.0244,0,0
BRISK,SIFT,4,1828,792,12.7309,11.5689,8.1727,0,0
BRISK,SIFT,5,1806,817,13.4633,11.4008,8.0549,0,0
BRISK,SIFT,6,1877,805,12.879,11.9311,7.9631,13.7511,21.358
BRISK,SIFT,7,1894,780,13.9978,11.8031,8.295,0,0
BRISK,SIFT,8,1889,850,13.2695,11.7037,8.2651,0,0
BRISK,SIFT,9,1917,842,13.3283,12.1091,8.5735,0,0
BRISK,SIFT,10,1874,832,13.3619,11.8385,8.1929,4.94066e-324,-nan
BRISK,SIFT,11,1912,857,12.931,11.8398,8.3271,6.95026e-310,6.9533e-310
BRISK,SIFT,12,1930,849,13.0903,12.0624,8.5398,3.39519e-313,6.32404e-322
BRISK,SIFT,13,1880,884,13.034,11.6792,8.4188,4.04739e-320,3.73471e-312
BRISK,SIFT,14,1886,889,13.1907,11.8822,8.8141,3.30541e-317,7.90505e-323
BRISK,SIFT,15,1957,906,8.7067,12.9829,8.3385,6.95026e-310,9.88131e-324
BRISK,SIFT,16,1888,878,8.6552,12.0363,8.3175,3.30536e-317,2.37664e-312
BRISK,SIFT,17,1919,914,12.8637,12.1608,8.5482,6.95026e-310,0

ORB,BRISK,0,1723,0,13.1735,10.9416,0,0,0
ORB,BRISK,1,1759,797,13.3617,12.8239,7.5786,0,0
ORB,BRISK,2,1820,779,12.9904,11.5962,7.8016,0,0
ORB,BRISK,3,1850,843,15.0861,11.6151,8.2177,0,0
ORB,BRISK,4,1828,792,13.0614,14.3339,8.3387,0,0
ORB,BRISK,5,1806,817,8.4658,11.4246,7.5781,0,0
ORB,BRISK,6,1877,805,8.448,11.6311,7.524,13.7511,21.358
ORB,BRISK,7,1894,780,13.2758,11.7816,8.6885,0,0
ORB,BRISK,8,1889,850,15.573,11.9159,8.2299,0,0
ORB,BRISK,9,1917,842,12.7659,11.9773,8.3493,0,0
ORB,BRISK,10,1874,832,12.9871,12.2911,9.1956,4.94066e-324,-nan
ORB,BRISK,11,1912,857,8.6861,11.7014,7.936,6.95026e-310,6.9533e-310
ORB,BRISK,12,1930,849,9.4719,11.8793,8.1606,3.39519e-313,6.32404e-322
ORB,BRISK,13,1880,884,13.2797,11.6953,8.6335,4.04739e-320,3.73471e-312
ORB,BRISK,14,1886,889,12.8474,11.8768,8.3708,3.30541e-317,7.90505e-323
ORB,BRISK,15,1957,906,8.5567,12.189,8.7329,6.95026e-310,9.88131e-324
ORB,BRISK,16,1888,878,8.6482,12.7344,8.2879,3.30536e-317,2.37664e-312
ORB,BRISK,17,1919,914,13.7248,12.2151,8.5418,6.95026e-310,0

ORB,BRIEF,0,1723,0,14.9875,11.4212,0,0,0
ORB,BRIEF,1,1759,797,13.1847,11.0377,7.5018,0,0
ORB,BRIEF,2,1820,779,13.0211,11.6776,7.9032,0,0
ORB,BRIEF,3,1850,843,13.2653,11.9947,8.1545,0,0
ORB,BRIEF,4,1828,792,13.1295,11.6006,8.003,0,0
ORB,BRIEF,5,1806,817,13.4416,11.5489,8.0639,0,0
ORB,BRIEF,6,1877,805,13.1253,11.6527,7.9708,13.7511,21.358
ORB,BRIEF,7,1894,780,13.1973,11.9405,8.0889,0,0
ORB,BRIEF,8,1889,850,13.0134,11.8177,8.3763,0,0
ORB,BRIEF,9,1917,842,8.3939,11.8946,7.8804,0,0
ORB,BRIEF,10,1874,832,8.6688,11.7951,7.8589,4.94066e-324,-nan
ORB,BRIEF,11,1912,857,13.4369,11.8014,8.3784,6.95026e-310,6.9533e-310
ORB,BRIEF,12,1930,849,12.7886,11.9876,8.4255,3.39519e-313,6.32404e-322
ORB,BRIEF,13,1880,884,8.3585,11.698,8.1392,4.04739e-320,3.73471e-312
ORB,BRIEF,14,1886,889,8.3787,11.6596,7.9659,3.30541e-317,7.90505e-323
ORB,BRIEF,15,1957,906,13.3183,13.4644,8.8956,6.95026e-310,9.88131e-324
ORB,BRIEF,16,1888,878,8.2746,11.7099,8.5554,3.30536e-317,2.37664e-312
ORB,BRIEF,17,1919,914,8.4555,12.0672,8.1837,6.95026e-310,0

ORB,ORB,0,1723,0,12.779,11.9636,0,0,0
ORB,ORB,1,1759,797,13.1686,11.0027,7.539,0,0
ORB,ORB,2,1820,779,13.1901,11.5097,7.7708,0,0
ORB,ORB,3,1850,843,13.8259,11.6236,8.0636,0,0
ORB,ORB,4,1828,792,12.9858,11.5768,8.1918,0,0
ORB,ORB,5,1806,817,13.0375,11.2231,7.9459,0,0
ORB,ORB,6,1877,805,12.837,11.447,7.9393,13.7511,21.358
ORB,ORB,7,1894,780,12.9438,11.9589,8.3315,0,0
ORB,ORB,8,1889,850,12.9376,12.1087,7.9815,0,0
ORB,ORB,9,1917,842,13.2596,12.5852,9.0325,0,0
ORB,ORB,10,1874,832,12.9441,11.6411,8.2024,4.94066e-324,-nan
ORB,ORB,11,1912,857,15.5836,12.0111,8.876,6.95026e-310,6.9533e-310
ORB,ORB,12,1930,849,13.1186,11.9817,9.5153,3.39519e-313,6.32404e-322
ORB,ORB,13,1880,884,13.3805,11.8208,8.4916,4.04739e-320,3.73471e-312
ORB,ORB,14,1886,889,12.6934,11.7412,8.3523,3.30541e-317,7.90505e-323
ORB,ORB,15,1957,906,8.7046,12.3886,8.2755,6.95026e-310,9.88131e-324
ORB,ORB,16,1888,878,8.4514,11.8807,8.1865,3.30536e-317,2.37664e-312
ORB,ORB,17,1919,914,12.9861,12.4446,9.701,6.95026e-310,0

ORB,FREAK,0,1723,0,16.6237,12.5439,0,0,0
ORB,FREAK,1,1759,797,13.1996,11.5263,7.6205,0,0
ORB,FREAK,2,1820,779,13.4913,11.8552,7.8176,0,0
ORB,FREAK,3,1850,843,13.2949,11.6656,8.2791,0,0
ORB,FREAK,4,1828,792,8.3071,11.4188,7.8218,0,0
ORB,FREAK,5,1806,817,8.8041,11.1732,7.4208,0,0
ORB,FREAK,6,1877,805,12.9231,11.7197,8.0163,13.7511,21.358
ORB,FREAK,7,1894,780,8.5275,11.6097,8.7044,0,0
ORB,FREAK,8,1889,850,8.1905,11.8932,7.8727,0,0
ORB,FREAK,9,1917,842,13.3836,12.419,8.482,0,0
ORB,FREAK,10,1874,832,12.6334,11.7214,8.3139,4.94066e-324,-nan
ORB,FREAK,11,1912,857,15.2108,11.9418,8.0139,6.95026e-310,6.9533e-310
ORB,FREAK,12,1930,849,13.2347,12.0042,8.744,3.39519e-313,6.32404e-322
ORB,FREAK,13,1880,884,12.8161,11.9811,8.4465,4.04739e-320,3.73471e-312
ORB,FREAK,14,1886,889,13.596,11.7085,8.5703,3.30541e-317,7.90505e-323
ORB,FREAK,15,1957,906,13.2235,12.3793,8.9222,6.95026e-310,9.88131e-324
ORB,FREAK,16,1888,878,13.0909,11.9601,8.6486,3.30536e-317,2.37664e-312
ORB,FREAK,17,1919,914,13.1104,12.3097,8.5356,6.95026e-310,0

ORB,SIFT,0,1723,0,13.1298,11.214,0,0,0
ORB,SIFT,1,1759,797,13.2756,11.0203,7.3165,0,0
ORB,SIFT,2,1820,779,13.0351,11.4263,7.8257,0,0
ORB,SIFT,3,1850,843,13.0528,11.6053,8.086,0,0
ORB,SIFT,4,1828,792,13.0768,11.9227,7.7839,0,0
ORB,SIFT,5,1806,817,8.3242,11.7206,7.4625,0,0
ORB,SIFT,6,1877,805,8.5503,12.0181,7.4833,13.7511,21.358
ORB,SIFT,7,1894,780,12.8766,11.6645,8.1637,0,0
ORB,SIFT,8,1889,850,13.2218,12.6521,8.5576,0,0
ORB,SIFT,9,1917,842,13.2485,12.326,8.4333,0,0
ORB,SIFT,10,1874,832,13.1866,11.9035,8.3237,4.94066e-324,-nan
ORB,SIFT,11,1912,857,8.8388,12.5571,7.9569,6.95026e-310,6.9533e-310
ORB,SIFT,12,1930,849,8.2904,12.2221,8.2065,3.39519e-313,6.32404e-322
ORB,SIFT,13,1880,884,13.2305,11.6221,8.4758,4.04739e-320,3.73471e-312
ORB,SIFT,14,1886,889,13.2909,11.9373,8.5054,3.30541e-317,7.90505e-323
ORB,SIFT,15,1957,906,8.3505,12.2794,8.2657,6.95026e-310,9.88131e-324
ORB,SIFT,16,1888,878,8.1968,11.7609,8.3917,3.30536e-317,2.37664e-312
ORB,SIFT,17,1919,914,13.277,12.0417,8.6076,6.95026e-310,0

AKAZE,BRISK,0,1723,0,13.4506,11.1297,0,0,0
AKAZE,BRISK,1,1759,797,14.9393,10.988,7.3628,0,0
AKAZE,BRISK,2,1820,779,12.7542,11.8658,7.8542,0,0
AKAZE,BRISK,3,1850,843,13.1087,11.7232,9.4877,0,0
AKAZE,BRISK,4,1828,792,13.2682,11.6016,8.3251,0,0
AKAZE,BRISK,5,1806,817,15.638,11.2452,7.878,0,0
AKAZE,BRISK,6,1877,805,13.6105,11.5068,7.8872,13.7511,21.358
AKAZE,BRISK,7,1894,780,13.0382,11.6989,8.1346,0,0
AKAZE,BRISK,8,1889,850,12.9732,11.5467,8.3557,0,0
AKAZE,BRISK,9,1917,842,13.285,15.5719,8.8055,0,0
AKAZE,BRISK,10,1874,832,13.1151,11.5769,8.3726,4.94066e-324,-nan
AKAZE,BRISK,11,1912,857,12.979,12.1168,8.2606,6.95026e-310,6.9533e-310
AKAZE,BRISK,12,1930,849,13.5066,12.3985,8.6133,3.39519e-313,6.32404e-322
AKAZE,BRISK,13,1880,884,13.4004,12.0886,8.4745,4.04739e-320,3.73471e-312
AKAZE,BRISK,14,1886,889,13.0834,12.2599,8.2804,3.30541e-317,7.90505e-323
AKAZE,BRISK,15,1957,906,13.1048,12.5918,8.7069,6.95026e-310,9.88131e-324
AKAZE,BRISK,16,1888,878,13.2927,11.9029,8.9132,3.30536e-317,2.37664e-312
AKAZE,BRISK,17,1919,914,13.0034,12.2741,8.8977,6.95026e-310,0

AKAZE,BRIEF,0,1723,0,13.1293,12.4748,0,0,0
AKAZE,BRIEF,1,1759,797,12.953,11.7677,7.3518,0,0
AKAZE,BRIEF,2,1820,779,13.3515,11.8561,7.8958,0,0
AKAZE,BRIEF,3,1850,843,12.8437,11.6376,8.2541,0,0
AKAZE,BRIEF,4,1828,792,13.1342,11.5597,8.0749,0,0
AKAZE,BRIEF,5,1806,817,13.231,11.4793,7.9014,0,0
AKAZE,BRIEF,6,1877,805,12.9664,11.8446,8.0735,13.7511,21.358
AKAZE,BRIEF,7,1894,780,13.1776,12.0188,8.3872,0,0
AKAZE,BRIEF,8,1889,850,13.2208,12.1147,9.9559,0,0
AKAZE,BRIEF,9,1917,842,14.1262,12.8102,9.2152,0,0
AKAZE,BRIEF,10,1874,832,13.1813,11.6738,7.9438,4.94066e-324,-nan
AKAZE,BRIEF,11,1912,857,13.2062,11.9681,8.3586,6.95026e-310,6.9533e-310
AKAZE,BRIEF,12,1930,849,13.3063,12.0714,8.4636,3.39519e-313,6.32404e-322
AKAZE,BRIEF,13,1880,884,12.8325,11.5151,8.4569,4.04739e-320,3.73471e-312
AKAZE,BRIEF,14,1886,889,13.5943,11.9381,8.6111,3.30541e-317,7.90505e-323
AKAZE,BRIEF,15,1957,906,13.9077,12.3795,9.3545,6.95026e-310,9.88131e-324
AKAZE,BRIEF,16,1888,878,13.1956,13.9546,8.7981,3.30536e-317,2.37664e-312
AKAZE,BRIEF,17,1919,914,13.3729,12.002,8.5254,6.95026e-310,0

AKAZE,ORB,0,1723,0,13.4714,10.7772,0,0,0
AKAZE,ORB,1,1759,797,13.0028,11.0573,7.8902,0,0
AKAZE,ORB,2,1820,779,13.1926,12.2927,7.8184,0,0
AKAZE,ORB,3,1850,843,13.3396,12.1881,8.4617,0,0
AKAZE,ORB,4,1828,792,12.9895,11.59,7.6729,0,0
AKAZE,ORB,5,1806,817,13.2091,12.0557,10.0527,0,0
AKAZE,ORB,6,1877,805,13.3279,12.0114,7.9544,13.7511,21.358
AKAZE,ORB,7,1894,780,13.1685,11.6374,7.8435,0,0
AKAZE,ORB,8,1889,850,13.2266,11.7114,8.2985,0,0
AKAZE,ORB,9,1917,842,13.369,12.0166,8.7172,0,0
AKAZE,ORB,10,1874,832,13.4288,11.5858,8.0762,4.94066e-324,-nan
AKAZE,ORB,11,1912,857,8.6115,11.988,8.341,6.95026e-310,6.9533e-310
AKAZE,ORB,12,1930,849,8.5215,11.8674,8.1491,3.39519e-313,6.32404e-322
AKAZE,ORB,13,1880,884,13.8958,11.9633,8.849,4.04739e-320,3.73471e-312
AKAZE,ORB,14,1886,889,12.7213,11.9998,8.5015,3.30541e-317,7.90505e-323
AKAZE,ORB,15,1957,906,12.8717,12.3452,8.7189,6.95026e-310,9.88131e-324
AKAZE,ORB,16,1888,878,13.6955,12.0556,8.8957,3.30536e-317,2.37664e-312
AKAZE,ORB,17,1919,914,13.4638,12.3752,8.8273,6.95026e-310,0

AKAZE,FREAK,0,1723,0,13.1471,10.9767,0,0,0
AKAZE,FREAK,1,1759,797,13.9094,11.9381,7.2565,0,0
AKAZE,FREAK,2,1820,779,12.6933,11.7082,7.9339,0,0
AKAZE,FREAK,3,1850,843,14.0024,11.7844,8.2871,0,0
AKAZE,FREAK,4,1828,792,13.1733,11.5114,7.9365,0,0
AKAZE,FREAK,5,1806,817,13.6397,13.3708,8.875,0,0
AKAZE,FREAK,6,1877,805,13.1755,11.9746,7.8985,13.7511,21.358
AKAZE,FREAK,7,1894,780,13.6146,11.7999,8.3463,0,0
AKAZE,FREAK,8,1889,850,12.8488,11.6966,9.1892,0,0
AKAZE,FREAK,9,1917,842,8.4405,11.7313,7.9139,0,0
AKAZE,FREAK,10,1874,832,8.7928,12.2592,7.9576,4.94066e-324,-nan
AKAZE,FREAK,11,1912,857,13.4275,12.0262,8.3293,6.95026e-310,6.9533e-310
AKAZE,FREAK,12,1930,849,12.6222,12.8021,8.7869,3.39519e-313,6.32404e-322
AKAZE,FREAK,13,1880,884,12.8345,12.0868,8.8375,4.04739e-320,3.73471e-312
AKAZE,FREAK,14,1886,889,13.0955,11.9395,8.6063,3.30541e-317,7.90505e-323
AKAZE,FREAK,15,1957,906,13.7522,12.435,8.942,6.95026e-310,9.88131e-324
AKAZE,FREAK,16,1888,878,13.3071,11.8973,8.8449,3.30536e-317,2.37664e-312
AKAZE,FREAK,17,1919,914,8.7464,12.4431,8.4214,6.95026e-310,0

AKAZE,AKAZE,0,1723,0,13.1914,11.4008,0,0,0
AKAZE,AKAZE,1,1759,797,13.1222,10.979,7.4398,0,0
AKAZE,AKAZE,2,1820,779,12.9241,11.3989,7.7122,0,0
AKAZE,AKAZE,3,1850,843,13.0471,11.7548,8.1394,0,0
AKAZE,AKAZE,4,1828,792,14.7543,17.1464,8.801,0,0
AKAZE,AKAZE,5,1806,817,13.1295,11.5418,7.6391,0,0
AKAZE,AKAZE,6,1877,805,8.8299,11.7041,7.417,13.7511,21.358
AKAZE,AKAZE,7,1894,780,8.4127,11.8817,7.8983,0,0
AKAZE,AKAZE,8,1889,850,8.8792,11.7256,7.9432,0,0
AKAZE,AKAZE,9,1917,842,8.4899,12.1121,8.008,0,0
AKAZE,AKAZE,10,1874,832,12.8532,11.6681,8.2314,4.94066e-324,-nan
AKAZE,AKAZE,11,1912,857,13.0403,12.2855,8.5002,6.95026e-310,6.9533e-310
AKAZE,AKAZE,12,1930,849,8.7112,12.2347,9.6578,3.39519e-313,6.32404e-322
AKAZE,AKAZE,13,1880,884,8.4072,11.8546,8.0208,4.04739e-320,3.73471e-312
AKAZE,AKAZE,14,1886,889,8.2112,14.304,7.9583,3.30541e-317,7.90505e-323
AKAZE,AKAZE,15,1957,906,8.8487,12.6826,9.1043,6.95026e-310,9.88131e-324
AKAZE,AKAZE,16,1888,878,13.1698,12.1465,9.0541,3.30536e-317,2.37664e-312
AKAZE,AKAZE,17,1919,914,13.2395,12.1918,8.5128,6.95026e-310,0

AKAZE,SIFT,0,1723,0,13.232,11.621,0,0,0
AKAZE,SIFT,1,1759,797,13.3007,11.0158,7.4462,0,0
AKAZE,SIFT,2,1820,779,12.7722,11.9831,8.8751,0,0
AKAZE,SIFT,3,1850,843,13.6058,11.5351,8.1624,0,0
AKAZE,SIFT,4,1828,792,13.087,11.679,7.9402,0,0
AKAZE,SIFT,5,1806,817,13.6116,11.6147,8.1051,0,0
AKAZE,SIFT,6,1877,805,13.0945,11.9872,7.7887,13.7511,21.358
AKAZE,SIFT,7,1894,780,13.1778,12.0611,8.058,0,0
AKAZE,SIFT,8,1889,850,13.2764,11.846,8.247,0,0
AKAZE,SIFT,9,1917,842,13.0935,11.7469,8.3148,0,0
AKAZE,SIFT,10,1874,832,13.2578,11.5671,8.6134,4.94066e-324,-nan
AKAZE,SIFT,11,1912,857,13.029,12.6228,8.3832,6.95026e-310,6.9533e-310
AKAZE,SIFT,12,1930,849,13.1064,12.2283,8.7851,3.39519e-313,6.32404e-322
AKAZE,SIFT,13,1880,884,13.4071,11.9721,8.5357,4.04739e-320,3.73471e-312
AKAZE,SIFT,14,1886,889,13.4106,11.8476,8.4244,3.30541e-317,7.90505e-323
AKAZE,SIFT,15,1957,906,13.2884,12.5232,8.8697,6.95026e-310,9.88131e-324
AKAZE,SIFT,16,1888,878,12.9055,11.9872,8.8876,3.30536e-317,2.37664e-312
AKAZE,SIFT,17,1919,914,12.9657,12.0234,8.5432,6.95026e-310,0

SIFT,BRISK,0,1723,0,12.9431,11.1374,0,0,0
SIFT,BRISK,1,1759,797,13.1387,11.1334,7.4641,0,0
SIFT,BRISK,2,1820,779,13.1311,11.7503,7.8614,0,0
SIFT,BRISK,3,1850,843,9.0221,11.9744,7.7994,0,0
SIFT,BRISK,4,1828,792,8.3198,11.7576,7.7387,0,0
SIFT,BRISK,5,1806,817,13.063,11.3183,7.9017,0,0
SIFT,BRISK,6,1877,805,8.5491,11.5471,7.4895,13.7511,21.358
SIFT,BRISK,7,1894,780,9.3597,12.1751,7.7393,0,0
SIFT,BRISK,8,1889,850,13.5635,12.0238,8.5105,0,0
SIFT,BRISK,9,1917,842,13.3905,11.976,8.263,0,0
SIFT,BRISK,10,1874,832,13.0268,12.0361,8.4763,4.94066e-324,-nan
SIFT,BRISK,11,1912,857,16.328,11.8138,8.3568,6.95026e-310,6.9533e-310
SIFT,BRISK,12,1930,849,13.207,12.23,8.6538,3.39519e-313,6.32404e-322
SIFT,BRISK,13,1880,884,13.0753,11.8494,8.3663,4.04739e-320,3.73471e-312
SIFT,BRISK,14,1886,889,13.4865,11.701,8.4249,3.30541e-317,7.90505e-323
SIFT,BRISK,15,1957,906,13.1917,14.4909,8.9307,6.95026e-310,9.88131e-324
SIFT,BRISK,16,1888,878,13.2724,11.8592,8.908,3.30536e-317,2.37664e-312
SIFT,BRISK,17,1919,914,13.2668,12.3115,8.7594,6.95026e-310,0

SIFT,BRIEF,0,1723,0,13.3019,11.2227,0,0,0
SIFT,BRIEF,1,1759,797,13.4134,11.2774,8.1543,0,0
SIFT,BRIEF,2,1820,779,13.1286,11.6582,7.9123,0,0
SIFT,BRIEF,3,1850,843,8.4361,12.0999,7.9874,0,0
SIFT,BRIEF,4,1828,792,8.5216,11.4362,7.7126,0,0
SIFT,BRIEF,5,1806,817,8.3711,11.7503,7.5376,0,0
SIFT,BRIEF,6,1877,805,8.6492,11.4161,7.5328,13.7511,21.358
SIFT,BRIEF,7,1894,780,13.3222,11.7223,8.2996,0,0
SIFT,BRIEF,8,1889,850,13.4262,12.2556,8.2942,0,0
SIFT,BRIEF,9,1917,842,8.7392,14.8183,8.7039,0,0
SIFT,BRIEF,10,1874,832,8.548,11.482,7.8623,4.94066e-324,-nan
SIFT,BRIEF,11,1912,857,13.3926,12.153,8.3841,6.95026e-310,6.9533e-310
SIFT,BRIEF,12,1930,849,12.9949,12.0744,8.8678,3.39519e-313,6.32404e-322
SIFT,BRIEF,13,1880,884,15.3282,11.9783,8.7832,4.04739e-320,3.73471e-312
SIFT,BRIEF,14,1886,889,12.9624,11.9612,8.4595,3.30541e-317,7.90505e-323
SIFT,BRIEF,15,1957,906,13.1921,12.4438,9.0166,6.95026e-310,9.88131e-324
SIFT,BRIEF,16,1888,878,13.2183,11.782,8.6113,3.30536e-317,2.37664e-312
SIFT,BRIEF,17,1919,914,13.1965,12.3997,8.834,6.95026e-310,0

SIFT,FREAK,0,1723,0,13.543,11.0237,0,0,0
SIFT,FREAK,1,1759,797,13.3217,11.0445,7.503,0,0
SIFT,FREAK,2,1820,779,12.9896,11.5809,8.0812,0,0
SIFT,FREAK,3,1850,843,13.3083,11.9143,8.8168,0,0
SIFT,FREAK,4,1828,792,13.2905,11.7116,8.2238,0,0
SIFT,FREAK,5,1806,817,13.0074,11.3188,7.847,0,0
SIFT,FREAK,6,1877,805,13.3817,11.4624,8.6405,13.7511,21.358
SIFT,FREAK,7,1894,780,13.2029,11.9322,8.2894,0,0
SIFT,FREAK,8,1889,850,13.3595,11.7313,8.2507,0,0
SIFT,FREAK,9,1917,842,13.6435,12.1009,8.4726,0,0
SIFT,FREAK,10,1874,832,13.1672,11.7576,8.4063,4.94066e-324,-nan
SIFT,FREAK,11,1912,857,13.1736,12.1693,8.4104,6.95026e-310,6.9533e-310
SIFT,FREAK,12,1930,849,13.4139,11.9709,8.5721,3.39519e-313,6.32404e-322
SIFT,FREAK,13,1880,884,15.5606,12.0989,8.6548,4.04739e-320,3.73471e-312
SIFT,FREAK,14,1886,889,13.3785,11.9789,8.4465,3.30541e-317,7.90505e-323
SIFT,FREAK,15,1957,906,13.2789,12.4506,8.8268,6.95026e-310,9.88131e-324
SIFT,FREAK,16,1888,878,9.1755,12.1938,9.4363,3.30536e-317,2.37664e-312
SIFT,FREAK,17,1919,914,9.1811,12.7699,8.0922,6.95026e-310,0

SIFT,SIFT,0,1723,0,13.2037,11.2527,0,0,0
SIFT,SIFT,1,1759,797,13.1927,11.2256,7.7484,0,0
SIFT,SIFT,2,1820,779,13.6762,11.5547,8.1003,0,0
SIFT,SIFT,3,1850,843,8.9118,11.9117,7.7624,0,0
SIFT,SIFT,4,1828,792,8.99,11.9058,7.6475,0,0
SIFT,SIFT,5,1806,817,13.0453,11.5244,7.8481,0,0
SIFT,SIFT,6,1877,805,13.9006,12.1433,8.0046,13.7511,21.358
SIFT,SIFT,7,1894,780,13.3595,11.7944,8.1308,0,0
SIFT,SIFT,8,1889,850,13.1586,11.7538,8.3716,0,0
SIFT,SIFT,9,1917,842,15.4199,12.2297,8.5139,0,0
SIFT,SIFT,10,1874,832,13.2147,11.817,8.3966,4.94066e-324,-nan
SIFT,SIFT,11,1912,857,13.8098,11.9722,8.4154,6.95026e-310,6.9533e-310
SIFT,SIFT,12,1930,849,13.3322,12.0533,8.8437,3.39519e-313,6.32404e-322
SIFT,SIFT,13,1880,884,12.5026,11.7354,8.5376,4.04739e-320,3.73471e-312
SIFT,SIFT,14,1886,889,13.3183,12.1187,8.4007,3.30541e-317,7.90505e-323
SIFT,SIFT,15,1957,906,13.956,12.5848,8.6908,6.95026e-310,9.88131e-324
SIFT,SIFT,16,1888,878,13.3633,12.1667,8.7864,3.30536e-317,2.37664e-312
SIFT,SIFT,17,1919,914,13.3566,12.2426,8.594,6.95026e-310,0

